{
  "n_estimators": 244,
  "learning_rate": 0.062506806423074,
  "minibatch_frac": 0.7894108220503071
}