metric,value
RMSE_GHI,4668.147217121283
RMSE_power_MW,7.831851418144264
