{
  "n_estimators": 395,
  "learning_rate": 0.023701004032755636,
  "minibatch_frac": 0.6293288904135785
}