fold,rmse_resid_Wm2
1,42.75949527111088
2,28.711872380236198
3,43.20533357013784
4,34.331022219146554
