{
  "n_estimators": 351,
  "learning_rate": 0.021903989723421113,
  "minibatch_frac": 0.7810014113922062
}