{
  "n_estimators": 302,
  "learning_rate": 0.03093435722410645,
  "minibatch_frac": 0.6677192365756361
}