{
  "n_estimators": 441,
  "learning_rate": 0.022346778101096105,
  "minibatch_frac": 0.962508950491476
}