fold,rmse_kW
1,151756.39826736727
2,78309.16296435992
3,118201.97342957546
4,90882.51358741432
