fold,rmse_m_s
1,1.2396664816833682
2,1.074397008841396
3,1.1684910443327023
4,1.104686206387379
