{
  "n_estimators": 262,
  "learning_rate": 0.047234613370147144,
  "minibatch_frac": 0.46516087672139894
}