fold,rmse_m_s
1,1.2094552089761161
2,1.061342844066241
3,1.1839063078983862
4,1.1164662216634575
