{
  "n_estimators": 411,
  "learning_rate": 0.014074147693681286,
  "minibatch_frac": 0.43982161232145955
}