{
  "n_estimators": 382,
  "learning_rate": 0.04130364327003443,
  "minibatch_frac": 0.6403706525203418
}