fold,rmse_GHI
1,2.835665464401245
2,2.04905366897583
3,1.789128065109253
4,1.4674577713012695
