{
  "n_estimators": 407,
  "learning_rate": 0.0583317372863625,
  "minibatch_frac": 0.6780167760202476
}