fold,rmse_Wm2
1,34.19109216713925
2,22.558846827136687
3,29.449180969493778
4,23.528403762937547
