{
  "n_estimators": 276,
  "learning_rate": 0.040798911378667986,
  "minibatch_frac": 0.5670550221276063
}