fold,rmse_Wm2
1,231.63066580056594
2,135.1053659012502
3,166.6572782083366
4,148.16458595254593
